{"cameraMode":{"drawMode":0,"name":"Shaded","section":"Shading Mode"},"sceneLighting":true,"audioPlay":false,"sceneViewState":{"m_AlwaysRefresh":false,"showFog":true,"showSkybox":true,"showFlares":true,"showImageEffects":true,"showParticleSystems":true,"showVisualEffectGraphs":true,"m_FxEnabled":true},"in2DMode":false,"pivot":{"x":18.534343719482423,"y":-4.079918384552002,"z":1.4862298965454102},"rotation":{"x":0.13616007566452027,"y":0.38695454597473147,"z":-0.057888682931661609,"w":0.9101540446281433},"size":9.695880889892579,"orthographic":false}