{"cameraMode":{"drawMode":0,"name":"Shaded","section":"Shading Mode"},"sceneLighting":true,"audioPlay":false,"sceneViewState":{"m_AlwaysRefresh":false,"showFog":true,"showSkybox":true,"showFlares":true,"showImageEffects":true,"showParticleSystems":true,"showVisualEffectGraphs":true,"m_FxEnabled":true},"in2DMode":false,"pivot":{"x":-4.6738691329956059,"y":-47.569313049316409,"z":-36.181392669677737},"rotation":{"x":0.00011329426342854276,"y":0.9279890060424805,"z":-0.37280377745628359,"w":0.0002687356900423765},"size":69.74805450439453,"orthographic":false}