{"cameraMode":{"drawMode":0,"name":"Shaded","section":"Shading Mode"},"sceneLighting":true,"audioPlay":false,"sceneViewState":{"showFog":true,"showMaterialUpdate":true,"showSkybox":true,"showFlares":true,"showImageEffects":true,"showParticleSystems":true},"in2DMode":false,"pivot":{"x":-1.3134840726852418,"y":1.4689844846725464,"z":-1.0633800029754639},"rotation":{"x":0.195567324757576,"y":-0.4810875356197357,"z":0.1110309287905693,"w":0.8474284410476685},"size":11.718843460083008,"orthographic":false}